<assembly>
	<id>release</id>
	<formats>
		<format>zip</format>
		<format>tar.gz</format>
	</formats>
	<includeBaseDirectory>true</includeBaseDirectory>
	<fileSets>
		<fileSet>
			<lineEnding>unix</lineEnding>
			<useDefaultExcludes>true</useDefaultExcludes>
			<useStrictFiltering>false</useStrictFiltering>
			<directory>${basedir}</directory>
			<outputDirectory></outputDirectory>
			<includes>
				<include>*.xml</include>
				<include>*.txt</include>
			</includes>
		</fileSet>
	</fileSets>
	<moduleSets>
		<moduleSet>
			<includes></includes>
			<sources>
 				<fileSets>
					<fileSet>
						<directory>src</directory>
						<outputDirectory>src</outputDirectory>
						<lineEnding>unix</lineEnding>
						<useDefaultExcludes>true</useDefaultExcludes>
					</fileSet>

					<fileSet>
						<lineEnding>unix</lineEnding>
						<useDefaultExcludes>true</useDefaultExcludes>
						<includes>
							<include>*.xml</include>
						</includes>
					</fileSet>

					<fileSet>
						<lineEnding>unix</lineEnding>
						<directory>target/site/apidocs/</directory>
						<useDefaultExcludes>true</useDefaultExcludes>
						<outputDirectory>docs</outputDirectory>
						<includes>
							<include>**/*</include>
						</includes>
					</fileSet>
				</fileSets>

 				<includeModuleDirectory>true</includeModuleDirectory>
				<useDefaultExcludes>true</useDefaultExcludes>
			</sources>
			<binaries>
				<outputDirectory>modules</outputDirectory>
				<includeDependencies>true</includeDependencies>
				<unpack>false</unpack>
 				<useDefaultExcludes>true</useDefaultExcludes>
				<includes />
			</binaries>
		</moduleSet>
	</moduleSets>
</assembly>
